chartDate,rank,song_id,title,singer,lyric
1995,1,62462,잘못된 만남,김건모,"난 너를 믿었던 만큼
난 내 친구도 믿었기에
난 아무런 부담없이 널
내 친구에게 소개 시켜줬고
그런 만남이 있은 후로 부터
우리는 자주 함께 만나며
즐거운 시간을 보내며
함께 어울렸던 것뿐인데
그런 만남이 어디부터
잘못됐는지
난 알 수 없는 예감에
조금씩 빠져들고 있을때쯤
넌 나보다
내 친구에게 관심을 더 보이며
날 조금씩 멀리하던
그 어느날
너와 내가 심하게 다툰
그날 이후로
너와 내 친구는 연락도 없고
날 피하는 것같아
그제서야 난 느낀거야
모든것이 잘못돼 있는걸
너와 내 친구는
어느새 다정한 연인이 돼있었지
있을 수 없는 일이라며
난 울었어
내 사랑과 우정을 모두
버려야 했기에
또다른 내 친구는 내 어깰
두드리며
잊어버리라 했지만 잊지
못할것 같아
너를 사랑했던 것만큼
난 내 친구도 믿었기에
난 자연스럽게 너와 함께
어울렸던 것뿐인데
어디부터 우리의
믿음이 깨지기 시작했는지
난 알지도 못한채 어색함을
느끼면서
그렇게 함께 만나온
시간이 길어지면 질수록
넌 내게서
조금씩 멀어지는 것을 느끼며
난 예감을 했었지
넌 나보다 내 친구에게
관심이 더 있었다는 걸
그 어느날
너와 내가 심하게 다툰
그날 이후로
너와 내 친구는
연락도 없고 날 피하는 것같아
그제서야 난 느낀거야
모든것이 잘못돼 있는걸
너와 내 친구는
어느새 다정한 연인이 돼있었지
있을 수 없는 일이라며
난 울었어
내 사랑과 우정을 모두
버려야 했기에
또다른 내 친구는 내 어깰
두드리며
잊어버리라 했지만 잊지
못할것 같아"
1995,2,1622501,사랑을 할꺼야,녹색지대,"이젠 나도 널 잊겠어
너무 힘이 들잖아
원하는 대로 해줄 순 있지만
난 더 이상 해줄게 없어
그런 나를 욕하지마
후회 할지도 몰라
철없는 생각 시간이 흐르면
그땐 이미 늦은걸
모든 것을 주는 그런
사랑을 해봐
받으려고만 하는 그런
사랑말고
너도 알고 있잖아
끝이 없는 걸 서로
참아야만 하는 걸
사랑을 할거야
사랑을 할거야
아무도 모르게 너만을 위하여
나를 지켜봐줘 나를 지켜봐줘
아무도 모르는 사랑을
모든 것을 주는 그런
사랑을 해봐
받으려고만 하는 그런 사랑말고
너도 알고 있잖아
끝이 없는 걸 서로 참아야만
하는 걸
사랑을 할거야
사랑을 할거야
아무도 모르게 너만을 위하여
나를 지켜봐줘 나를 지켜봐줘
아무도 모르는 사랑을
사랑을 할거야
사랑을 할거야
아무도 모르게 너만을 위하여
나를 지켜봐줘 나를 지켜봐줘
아무도 모르는 사랑을"
1995,3,66261,이 밤의 끝을 잡고,솔리드,"다신 널 볼 수 없겠지
나의 입술이 너의 하얀
어깨를 감싸 안으며
그렇게 우린 이 밤의 끝을
잡고 사랑했지만
마지막 입맞춤이 아쉬움에 떨려도
빈 손으로 온 내게 세상이 준 선물은
너란 걸 알기에 참아야겠지
내 맘 아프지 않게 그 누구보다도
행복하게 살아야 해 모든 걸 잊고
이 밤의 끝을 잡고 있는 나의 사랑이
더 이상 초라하지 않게
나를 위해 울지 마 난 괜찮아
그래 어쩌면 난 오래 전부터
우리의 사랑도 어쩔 수 없는
이별이 찾아 올지도 모른다고
생각했어
하지만 울지 마 이 밤의 끝은 내가
잡고 있을 테니
넌 그렇게 언제나 웃으면서
살아야 돼
제발 울지 말고 나를 위해
웃어줘 제발
마지막 입맞춤이 아쉬움에 떨려도
빈 손으로 온 내게 세상이 준 선물은
너란 걸 알기에 참아야겠지
내 맘 아프지 않게 그 누구보다도
행복하게 살아야 해 모든 걸 잊고
이 밤의 끝을 잡고 있는 나의 사랑이
더 이상 초라하지 않게
나를 위해 울지 마 난 괜찮아
나의 가슴으로 너와 함께 나누었던
이 밤을 간직한 채 잠시
널 묻어야 하겠지
나의 눈물이 널 붙잡고 있지만
니가 힘들지 않게 웃으며
보내야 겠지
내 맘 아프지 않게 그 누구보다도
행복하게
모든 걸 잊고 이 밤의 끝을 잡고
있는 나의 사랑이 더 이상
초라하지 않게
나를 위해 울지마 난 괜찮아 우"
1995,4,62098,슬픈 인연,015B,"멀어져 가는 저 뒷모습을
바라보면서
난 아직도 이 순간을 이별이라
하지 않겠네
달콤했었지 그 수많았던
추억 속에서
흠뻑 젖은 두 마음을 우린
어떻게 잊을까
아 다시 올거야
너는 외로움을 견딜수 없어
아 나의 곁으로 다시 돌아올거야
그러나 그 시절에 너를 또 만나서
사랑할 수 있을까
흐르는 그 세월에 나는 또 얼마나
많은 눈물을 흘리려나
아 다시 올거야 너는 외로움을
견딜수 없어
아 나의 곁으로 다시 돌아올거야
그러나 그 시절에 너를 또 만나서
사랑할 수 있을까
흐르는 그 세월에 나는 또 얼마나
많은 눈물을 흘리려나"
1995,5,66052,슬프도록 아름다운 ...,K2 김성면,"그리움의 끝엔 언제나
눈물 속에 항상 네가 있는 것은
돌아갈 수 없는 아픔인듯 시린
추억이 가슴속에 남아서야
어느 하늘 아래 있을까
아련하게 자꾸 떠오르는 너를
한번만이라도 보고 싶은 마음
서러워 눈물로도 참지 못해
이젠 다른 삶인걸 알아
우린 같은 추억 간직한 채로
서로 사랑했던 날 만큼
아파하며 잊혀져 버릴지도 몰라
아냐 기쁜 젊은 날의 내 사랑
어떻게 널 잊을수 있어
슬프도록 아름다웠던
우리 지난 날의 사랑아
이젠 다른 삶인걸 알아
우린 같은 추억 간직한 채로
서로 사랑했던 날 만큼
아파하며 잊혀져 버릴지도 몰라
아냐 기쁜 젊은 날의 내 사랑
어떻게 널 잊을수 있어
슬프도록 아름다웠던
우리 지난 날의 사랑아
기쁜 젊은 날의 내 사랑
어떻게 널 잊을수 있어
슬프도록 아름다웠던
우리 지난 날의 사랑아"
1995,6,61240,내게로,장혜진,"너무 서두르지마
견디기 힘이들때면
애써 따라오려 하지말고
오히려 더 천천히
그래 그렇게 다가와
내가 여기에서 기다릴게
숨이 찰땐 걸어오렴
힘이들 때 그랬던 것처럼
앞으로도 우린 아주
먼길을 가야만 해
서두르지마
함께 걸어가는 것
그것이 내겐 소중해
조금 늦는것쯤 상관없어
내가 지쳐있을 때
네가 기다려준 것처럼
내가 여기있어 힘을 내 봐
숨이 찰땐 걸어오렴
힘이 들때 그랬던 것처럼
앞으로도 우린 아주
먼길을 가야만 해
서두르지마
걱정마 기다리고 있어
이젠 멀지않아
조금만 더 힘을 내
내가 너의 두팔을
잡아줄 수 있도록
숨이찰 땐 걸어오렴
힘이들 때 그랬던 것처럼
앞으로도 우린 아주
먼길을 가야만 해
서두르지마
숨이찰 땐 걸어오렴
힘이들 때 그랬던 것처럼
앞으로도 우린 아주
먼길을 가야만 해
서두르지마"
1995,7,1839641,난 행복해,이소라,"날 용서해
너에게 이런 말
정말 하고 싶진 않아
그러나 이젠
어쩔 수 없는 일이야
그 사람을
사랑하지 않게
해달라고 기도했어
하지만 이제
너무 늦었어
그렇게도 해맑게 웃던
네 모습을 난 기억해
다음 번엔 나같은 여자
만나지마
행복해야해
넌 반드시
좋은 사람 만나
다시 사랑해야 하고
저 기억 너머로
그렇게 나를
잊어야 해
그렇게도 해맑게 웃던
네 모습을 난 기억해
다음번엔 나같은 여자 만나지마
행복해야해
내게 힘이되도록 해맑게 웃던
니 모습을 난 기억해
그리고 다음번엔 나같은 여자
만나지마 제발
행복해야해
난 행복해 그동안 널 볼수
있던 그날들 때문에
난 널 못 잊어
죽는 날까지 사랑해"
1995,8,66311,상상속의 너,노이즈,"나는 가끔 이런 생각들을 했어
내가 사랑할 수 있는 누군가도
지금 나와같은 생각으로
나의 모습들을 가끔씩 그려보는지
이런저런 상상속에 많은 시간들은
나를 외롭게 만들었지만
나는 기다렸어 그날이 오기를
바로 오늘을
오늘 나는 우연히 널 보고 말았어
나에 상상 속에 그리던 널
나의 눈이 너와 마주치던 그 순간
나는 굳어버렸지
할말도 잃어버린 채
어떡해야 그대에게 말을 건넬까
나의 맘은 두근거렸지만
내게 슬쩍 눈길을 주며 웃는 그댈
이젠 사랑할 수밖에 없어
너무 오랫동안 나는 기다렸어
나의 친구들은 애인이 있는데
나만 혼자라는 외로움에 가끔
나는 내 자신을 미워했었지만
그래 한번 참아보는 거야
어디까지 그댈 기다려야 하는지 나의
인내심은 그대를 만났어
바로 이 순간
오늘 나는 우연히 널 보고 말았어
나에 상상 속에 그리던 널
나의 눈이 너와 마주치던 그 순간
나는 굳어버렸지
할말도 잃어버린 채
어떡해야 그대에게 말을 건넬까
나의 맘은 두근거렸지만
내게 슬쩍 눈길을 주며 웃는 그댈
이젠 사랑할 수밖에 없어
나는 가끔 이런 생각들을 했어
내가 사랑할 수 있는 누군가도
지금 나와같은 생각으로
나의 모습들을 가끔씩 그려보는지
이런저런 상상속에 많은 시간들은
나를 외롭게 만들었지만
나는 기다렸어 그날이 오기를
바로 오늘을
오늘 나는 우연히 널 보고 말았어
나에 상상 속에 그리던 널
나의 눈이 너와 마주치던 그 순간
나는 굳어버렸지
할말도 잃어버린 채
어떡해야 그대에게 말을 건넬까
나의 맘은 두근거렸지만
내게 슬쩍 눈길을 주며 웃는 그댈
이젠 사랑할 수밖에 없어
어떡해야 그대에게 말을 건넬까
나의 맘은 두근거렸지만
내게 슬쩍 눈길을 주며 웃는 그댈
이젠 사랑할 수밖에 없어"
1995,9,63313,부디,윤종신,"고마워 애써 내게 감추려했던건
하지만 그래서 난 준비를못했지
내삶속에 가장 귀한 너와헤어진뒤에
쓰린 이상처를 견딜 준비를
미안해 오랫동안 힘들었었지
언젠가 한 친구는 충고해주었지
이루어질수 없다고 너와 나의 사랑은
그땐 어렸는지 웃어버렸어
포기해버린 네마음 이해해
둘만의 사랑으론 축복받을 수 없다는걸
나는 괜찮아 그냥 견딜수있을꺼야
너무 지쳐버린 네가 걱정될뿐
이젠 더이상 눈물 짓지마
아직도 흘릴 눈물 남았니
뒤돌아 볼것도 없어
빨리가렴
마지막 네모습에 널 잡을지 몰라
부디 좋은 사람 만나길 바래
많은 사람들의 축복속에서
잊어줘 살아갈 이유 잃어버린 날
이젠 더이상 눈물 짓지마
아직도 흘릴 눈물 남았니
뒤돌아 볼것도 없어 빨리가렴
마지막 네 모습에 널 잡을지 몰라
부디 좋은 사람 만나길 바래
많은 사람들의 축복속에서
잊어줘 살아갈 이유 잃어버린 날
이젠 더이상 눈물 짓지마
아직도 흘릴 눈물 남았니
뒤돌아 볼것도 없어
빨리가렴
마지막 네모습에 널 잡을지 몰라
부디 좋은 사람 만나길 바래
많은 사람들의 축복속에서
잊어줘 살아갈 이유 잃어버린 날"
1995,10,63343,사랑의 서약,한동준,"그토록 바라던 시간이 왔어요
모든 사람의 축복에
사랑의 서약을 하고 있죠
세월이 흘러서 병들고 지칠 때
지금처럼 내 곁에서
서로 위로해 줄 수 있나요
함께 걸어가야 할 수많은 시간 앞에서
우리들의 약속은 언제나 변함없다는 것을 믿나요
힘든 날도 있겠죠 하지만 후횐 없어요
저 하늘이 부르는 그날까지
사랑만 가득하다는 것을 믿어요
이룰수 없다고 슬퍼했던 날들
낮설었던 그 이별도
이젠 추억이라 할수 있죠
함께 걸어가야 할 수많은 시간 앞에서
우리들의 약속은 언제나 변함없다는 것을 믿나요
힘든 날도 있겠죠 하지만 후횐 없어요
저 하늘이 부르는 그날까지
사랑만 가득하다는 것을 믿어요"
1995,11,66240,날개 잃은 천사,룰라,"아 그럴거야 나를 아낄려고
굳이 내게 말 안하고 멀리
떠나갔던가
아 그럴거야 나를 아낄려고
굳이 네게 말안하고 멀리
떠나갔던가
아 그럴거야 나를 아낄려고
굳이 네게 말안하고 멀리
떠나갔던가
아 그럴거야 나를 아낄려고
굳이 네게 말안하고 멀리
떠나갔던가
천사를 찾아 사바 사바 사바
천사를 찾아 사바 사바 사바
천사를 찾아 헤매이지
잃어버린 내 모습을 찾아
사바 사바 사바
오 이렇게 많은 사람들이
네게 친해지려 할 때
네가 싫고 넌 키도 작고
차도 없다했지
난 오 이런 저런 조건
조건따지다 보니까
진실한 사랑의 의미 의미
도대체가
도대체가 찾을수가 없어
쉽게 찾을 수가 있는데 내
마음속에 있는데
조용하게 눈을 감고
생각하면 알수있어
천사를 찾아 방황하는
나의 예전의 그모습 찾아 샤바
나 이제 알아 혼자된
기분을 그건 착각이었어
느낄수 있니 사랑의 시작은
외로움의 끝인걸
언제라도 넌 내가 원한 것을
다 줄듯 보였고
사바 사바 사바
변덕스러운
내 기분 맞추려
고민도 하고 사바 사바 사바
하지만 너의 고마웠던
사랑을 난 당연한 듯
생각했었던 거야
나 이제 알아 혼자된 기분을
그건 착각이었어
느낄수 있니 사랑의 시작은
외로움의 끝인걸
쉽게 찾을 수가 있는데
마음속에 있는데
조용하게 눈을 감고
생각하면 알 수있어
천사를 찾아 헤매이지
잃어버린 내 모습을 찾아 샤바
나 이제 알아 혼자된 기분을
그건 착각이었어
느낄수 있니 사랑의 시작은
외로움의 끝인걸
언제라도 넌 내가 원한 것을
다 줄듯 보였고
사바 사바 사바
변덕스러운
내 기분 맞추려
고민도 하고 사바 사바 사바
하지만 너의 고마웠던
사랑을 난 당연한 듯
생각했었던 거야
나 이제 알아 혼자된 기분을
그건 착각이었어
느낄수 있니 사랑의 시작은
외로움의 끝인걸
나 이제 알아 혼자된 기분을
그건 착각이었어
느낄수 있니 사랑의 시작은
외로움의 끝인걸
아 그럴거야 나를 아낄려고
굳이 내게 말 안하고 멀리
떠나갔던가
아 그럴거야 나를 아낄려고
굳이 내게 말 안하고 멀리
떠나갔던가
아 그럴거야 나를 아낄려고
굳이 내게 말 안하고 멀리
떠나갔던가
아 그럴거야 나를 아낄려고
굳이 내게 말 안하고 멀리
떠나갔던가"
1995,12,1698660,살다보면,권진원,"살다보면
괜시리 외로운 날
너무도 많아
나도 한번 꿈같은 사랑
해봤으면 좋겠네
살다보면
하루하루 힘든 일이
너무도 많아
가끔 어디 혼자서 훌쩍
떠났으면 좋겠네
수많은 근심 걱정
멀리 던져 버리고
언제나 자유롭게
아름답게 그렇게
내일은 오늘보다
나으리란 꿈으로 살지만
오늘도 맘껏 행복했으면
그랬으면 좋겠네
살다보면
괜시리 외로운 날
너무도 많아
나도 한번 꿈같은 사랑
해봤으면 좋겠네
살다보면
하루하루 힘든 일이
너무도 많아
가끔 어디 혼자서 훌쩍
떠났으면 좋겠네
수많은 근심 걱정
멀리 던져 버리고
언제나 자유롭게
아름답게 그렇게
내일은 오늘보다
나으리란 꿈으로 살지만
오늘도 맘껏 행복했으면
그랬으면 좋겠네
그랬으면 좋겠네
그랬으면 좋겠네"
1995,13,421781,두바퀴로 가는 자동차,김광석,"두바퀴로 가는 자동차
네바퀴로 가는 자전거
물속으로 나는 비행기
하늘로 나는 돛단배
복잡하고 아리송한 세상 위로
오늘도 에드벨룬 떠있건만
태공에게 잡혀온 참새만이
한숨을 내쉰다
남자처럼 머리 깎은 여자
여자처럼 머리 긴 남자
가방없이 학교 가는 아이
비 오는 날 신문 파는 애
복잡하고 아리송한 세상 위로
오늘도 에드벨룬 떠있건만
포수에게 잡혀온 붕어만이
한숨을 내쉰다
한여름에 털장갑 장수
한겨울에 수영복 장수
번개소리에 기절하는 남자
천둥소리에 하품하는 여자
복잡하고 아리송한 세상 위로
오늘도 에드벨룬 떠있건만
독사에게 잡혀온 땅꾼만이
긴 혀를 내두른다
독사에게 잡혀온 땅꾼만이
긴 혀를 내두른다"
1995,14,66156,시간이 흐른뒤에,피노키오,"너의 뒷모습에 익숙해져 같어
먼저 말한 이별
너의 내민 손을 잡긴 했지
아직 내 것 같지 않은 이별인데
너는 오래전부터 느낀 것 같아
잊을 수 있을거라
나는 생각했어
시간이 흐르면
몰랐던거야 갈수록
더해가는 아픔을
너는 오래전부터 느낀 것 같아
잊을 수 있을거라
나는 생각했어
시간이 흐르면
몰랐던거야 갈수록
더해가는 아픔을
잊을 수 있을거라
나는 생각했어
시간이 흐르면
몰랐던거야 갈수록
더해가는 아픔을
잊을 수 있을거라
나는 생각했어
시간이 흐르면
몰랐던거야 갈수록"
1995,15,1620554,날 위한 이별,김혜림,"난 알고 있는데
다 알고 있는데
니가 있는
그 곳 어딘지
너도 가끔씩은
내 생각날꺼야
술이 취한
어느 날 밤엔
누구를 위한
이별이었는지
그래서 우린
행복해 졌는지
그렇다면은
아픔의 시간들을
난 어떻게
설명해야만 하는지
돌아와 니가
있어야 할 곳은
바로 여긴데
나의 곁인데
돌아와 지금이라도
날 부르면
그 어디라도 나는
달려 나갈텐데
돌아와 우리
우연한 만남이
아직도 내겐
사치인가봐
돌아와 나를 위한
이별이었다면
다시 되돌려야 해
나는 충분히
불행하니까
누구를 위한
이별이었는지
그래서 우린
행복해 졌는지
그렇다면은
아픔의 시간들을
난 어떻게
설명해야만 하는지
돌아와 니가
있어야 할 곳은
바로 여긴데
나의 곁인데
돌아와 지금이라도
날 부르면
그 어디라도 나는
달려 나갈텐데
돌아와 우리
우연한 만남이
아직도 내겐
사치인가봐
돌아와 나를 위한
이별이었다면
다시 되돌려야 해
나는 충분히
불행하니까"
1995,16,33146,머피의 법칙,DJ DOC,"돈 싫어 명예 싫어
따분한 음악 우린 정말 싫어
펑키 비트의 신나는 댄스
노래하는 창렬이
래퍼 스카이 래퍼 재용
우리들은 DOC DJ DOC
친구들과 미팅을 갔었지
뚱뚱하고 못생긴 애 있길래
와 재만 빼고 다른애는 다 괜찮아
그래도 꼭 개랑 나랑 짝이 되지
내가 맘에 들어하는 여자들은
꼭 내 친구 여자 친구이거나
우리 형 애인 형 친구 애인
아니면 꼭 동성동본
세상에 어떻게 이럴수가
나는 도대체 되는일이 하나 없는지
언제쯤 내게도 기가 막힌
그런 눈부신 여자친구 하나 생길까
세상 모든게 다 내뜻과
어긋나 힘들게 날 하여도
내가 꿈꿔온 내 사랑은
널 위해 내 뜻대로 이루고 말테야
나나나나 나나나나 나나나나
나나나나
나나나나 나나나나 나나나나
나나나나 나나나나나
오랜만에 꼬질꼬질한 모습으로
우리동네 목욕탕을 찾은 날은
한 달에 두 번 있는 정기휴일이
왜 꼭걸리는 거야 어
꼬질꼬질 지저분한 내 모습
그녀에게 들키지 말아야지 하면
벌써 저 쪽에서 그녀가
날 꼭 어이없이 바라볼까
세상에 그 어떤 누구라도
너와 바꿀 수 없다는걸 우린 알잖아
세상에 그 어떤 어려움도
우리 사랑을 갈라놓을 순 없잖아
세상 모든게 다 내 뜻과
어긋나 힘들게 말하여도
내가 꿈꿔온 내 사랑은
널 위해 내 뜻대로 이루고 말테야
나나나나 나나나나 나나나나
나나나나
나나나나 나나나나 나나나나
나나나나 나나나나
요 머피의 법칙 I like the full
music DJ DOC
머피의 법칙 자 다같이 오
예 오예 아 예 아예
아하 아하 Say one Two
One Two Three Four
나나나나 나나나나 나나나나
나나나나
나나나나 나나나나 나나나나
나나나나 나나나나"
1995,17,58506,널 보낸 후에...,최재훈,"처음부터 잘못된 만남인걸
알지만 그댈 사랑했을 뿐
아름다운 그대 지워지지가 않아
그댄 지금 어디에
얼마나 아파해야 하는지
그대를 잊을수 있는 걸까
아무 이유없이 날 외면하고 있어
그댄 지금 어디에
알고 있어 그대 떠난 이유를
그땐 왠지 너무 힘이 들었어
다시 못올 길을 가고 있지만
다시 한번 너를 안고 싶어져
사랑해 아픔이 쌓인 만큼
기억할 수 있을 때까지
워 그대여 내 맘 알고 있다면
돌아와줘 내게로
사랑해 아픔이 쌓인 만큼
기억할 수 있을 때까지
워 그대여 내 맘 알고 있다면
돌아와줘 내게로
사랑해 아픔이 쌓인 만큼
기억할 수 있을 때까지
워 그대여 내 맘 알고 있다면"
1995,18,607938,너의 곁에 있고 싶어,신효범,"그냥 그대로 있어
떠나지 말아
네가 떠나면
나는 혼자인데
떠나는 널 보며
울고싶지는 않아
잠시 너의 곁에 있게 해줘
너를 보내야만 하는
이 깊은 슬픔속에서
돌아서는 너를 위해
이렇게 웃고 있잖아
너는 떠나겠지
아무 일 없는 듯
우리 사랑마저
없던 것처럼
너를 보내야만 하는
이 깊은 슬픔속에서
마지막 이 순간까지
널 위해 웃고 있잖아
너는 떠나겠지
아무 일 없는 듯
우리 사랑마저
잊은 것처럼"
1995,19,66366,고요속의 외침,R.ef,"더 이상 나에게 너만을
강요하지는 말아줘
서둘러 가야할 이별에
눈물은 장애가 될뿐야
때로는 적당히 자신을
속이며 만나왔지만
솔직히 이제는 너를 떠나겠어
떠나겠어
내곁에 맴도는 약속된 슬픔은
숙제로 남겨버리고서
또 다른 만남에
충실하려는 외침
그 외침은 내 맘속에 고요함을
깨뜨리고
널 두고 난 떠나네
운명처럼 받아들인
헤어짐이 눈물로
그래 쉬운일이 아니란걸 알아
너를 떠난다는 그런 사실조차
나는 도저히 믿어지지
않겠지만
잘못된 만남이 힘들었지
어느 누구도 나만큼 너를
사랑할 수 없을거라 말을
했었지만
지금은 달라 모든게 변했어
어느 순간부터
내곁에 맴도는 약속된 슬픔은
숙제로 남겨버리고서
또 다른 만남에 충실하려는 외침
그 외침은 내 맘속에 고요함을
깨뜨리고
널 두고 난 떠나네
운명처럼 받아들인
헤어짐이 눈물로
내 맘속에 고요함을 깨뜨리고
널 두고 난 떠나네
운명처럼 받아들인
헤어짐이 눈물로
내 맘속에 고요함을 깨뜨리고
널 두고 난 떠나네
운명처럼 받아들인
헤어짐이 눈물로
흐르는 눈물로"
1995,20,104067,그리움만 쌓이네,노영심,"다정했던 사람이여
나를 잊었나
벌써 나를 잊어버렸나
그리움만 남겨놓고
나를 잊었나
벌써 나를 잊어버렸나
그대 지금 그 누구를
사랑하는가
굳은 약속 변해버렸나
예전에는 우린 서로
사랑했는데
이젠 맘이 변해버렸나
아 이별이 그리 쉬운가
세월 가 버렸다고
이젠 나를 잊고서
멀리 멀리 떠나가는가
아 나는 몰랐네
그대 마음 변할줄
난 정말 몰랐었네
오 나 너 하나만을
믿고 살았네
그대만을 믿었네
오 네가 보고파서
나는 어쩌나
그리움만 쌓이네
아 이별이 그리 쉬운가
세월 가 버렸다고
이젠 나를 잊고서
멀리 멀리 떠나가는가
아 나는 몰랐네
그대 마음 변할줄
난 정말 몰랐었네
오 나 너 하나만을
믿고 살았네
그대만을 믿었네
오 네가 보고파서
나는 어쩌나
그리움만 쌓이네"
1995,21,63353,훈련소로 가는 길,이장우,없음
1995,22,91491,포기하지 마,성진우,"다 포기하지마 또 다른 모습에
나 살기 위해 몸부림 치는 걸
다 포기하지마 또 다른 모습에
나 살기 위해 몸부림 치는 걸
너 돌아보지마 또 힘든 네모습
더 먼곳으로 나 떠나갈꺼야
이제껏 구겨진 생활속에 지쳤어
모든걸 그렇게 지나치며 살았어
그래도 아직은 포기못해 너만은
다시금 널 찾아 떠나겠지
달려가 내 몸을 너에게 안길거야
쉽게 지나치진 못하겠지
조금씩 더 크게 네 이름 부를거야
이렇게 더 사랑하는 너를
너 돌아보지마 또 힘든 네 모습
더 먼 곳으로 나 떠나갈꺼야
이제껏 구겨진 생활속에 지쳤어
모든걸 그렇게 지나치며 살았어
그래도 아직은 포기못해 너만은
다시금 널 찾아 떠나겠지
달려가 내 몸을 너에게 안길거야
쉽게 지나치진 못하겠지
조금씩 더 크게 네 이름 부를거야
이렇게 더 사랑하는 너를
달려가 내 몸을 너에게 안길거야
조금씩 더 크게 네 이름 부를거야
이렇게 더 사랑하는 너를"
1995,23,65305,이브의 경고,박미경,"오늘도 넌 나를 피해
딴 생각을 하지만
난 알고 있어
나의 예감은 한번도
틀린적이 없어
걱정스런 맘
이런내 마음을 알고 있다면
나에게 더이상 실수하지마
내게도 너 아닌 멋진 남자가
가끔 날 유혹해 흔들릴
때도 있어
너에게만 있는 능력처럼
그렇게 날 속이려고 하면
나에게는 더이상 순애보는
없어 난 널
그냥 떠나버릴 거야
너에게 실수하고 싶은
마음은 없었어
나의 호기심이 잠시 날
흔들리게 했을 뿐
너에게 구차한 변명따위는
하지 않을게
이젠 날 이해해줘 내 잘못을
인정 할테니
그렇게 말을하면 나도
할말은 없어
이해해 줄게
하지만 내게 약한
모습은 보이지마
사랑하니까
언제나 당당한 너의 모습에
난 항상 매력을 느꼈던 거야
누구나 한번은 실수하지만
두번은 안돼 내가
못 견딜 테니까
너에게만 있는 능력처럼
그렇게 날 속이려고 하면
나에게는 더이상 순애보는
없어 난 널
그냥 떠나버릴거야 워
이제는 알 것 같아 숨겨진
너의 마음을
언제나 가볍게 넌 나를
대하고는 했지만
니 속에 숨어있는 너의
그 표독함까지
언제나 나를 위한
마음이었었다는 것을
가만히 생각하면 난
자꾸만 화가나
참으려 해도
내가 그렇게 네게 매력이
없었을까
난 모르겠어
어떻게 나아닌 다른 사람과
몰래 데이트를 할 수 있는지
지금 내 마음가짐으론 너를
이해할수 없지만 한번은
참는거야
너에게만 있는 능력처럼
그렇게 날 속이려고 하면
나에게는 더이상 순애보는
없어 난 널
그냥 떠나버릴 거야
너에게만 있는 능력처럼
그렇게 날 속이려고 하면
나에게는 더이상 순애보는
없어 난 널
그냥 떠나버릴 거야"
1995,24,32854,친구를 위해,더 블루,"하늘위로 날아가는 새들은
자유로운 날개짓을 하며
말이 없는 내마음을 아는지
작은 내모습 위로 날아가네
다가가면 멀어지는 사람들
사랑하는 그대마저 떠난
밤이오는 노을아래 서 있는
나는 홀로 이렇게 울고있네
다른 세상으로 떠나가고 싶지만
나의 곁에 다가와준 내친구는
힘이 들어도 꿈을 찾고 있었지
어떤날은 버려진 나를 위해서
이젠 나의 꿈들을 찾아 떠나야겠어
그 누구나 새로운 많은 날이 있잖아
나의 꿈을 찾아서 다시 노래할꺼야
언제까지 변하지 않는 나의 친구와
지난 나의 마지막 무대위에 섰을 때
내이름을 부르던 사람들은 떠나고
그런 나의 모습에 그댄 사라져 갔어
초라해진 사랑에 많이 아파했지만
이젠 나의 꿈들을 찾아 떠나야겠어
그 누구나 새로운 많은 날이 있잖아
나의 꿈을 찾아서 다시 노래할꺼야
언제까지 변하지 않는 나의 친구와
노래가 끝나가는 지금 내곁엔
나를 보는 친구가 있네......"
1995,25,63699,천일동안,이승환,"천일동안 난 우리의 사랑이
영원할 거라 믿어 왔었던거죠
어리석게도 그런 줄로만 알고 있었죠
헤어지자는 말은 참을수 있었지만
당신의 행복을 빌어줄
내모습이 낯설어 보이진 않을런지
그 천일동안 알고 있었나요
많이웃고 또 많이울던 당신을 항상
지켜주던 감사해하던 너무 사랑했던 나를
보고싶겠죠 천일이 훨씬
지난 후에라도 역시 그럴테죠
난 괜찮아요 당신이 내곁에 있어줬잖아요
그 천일동안 알고 있었나요
많이웃고 또 많이울던 당신을 항상
지켜주던 감사해하던 너무 사랑했던 나를
보고싶겠죠 천일이 훨씬
지난 후에라도 역시 그럴테죠
잊지마요 우리 사랑 아름다운 이름들을
그 천일동안 힘들었었나요
혹시 내가 당신을 아프게 했었나요
용서해요 그랬다면 마지막일거니까요
난 자유롭죠 그날 이후로 다만
그냥 당신이 궁금할 뿐이죠
다음 세상에서라도 우리 다시는 만나지 마요"
1995,26,91487,날 떠나지마,박진영,"멀어지는 너의 모습은
나의 눈물속에서
점점 더 번져가고
작아지는 널 느낄 수록
내마음속에서 넌 커져가고
하지만 난 괜찮아
내사랑이 떠나는 널
다시 내게 돌려줄걸
난 알아 난알아
날 떠나지마
가는 널 볼수가 없어
넌 떠나지만
난 뒷모습만 보며 서있어
다시 한번 말하지만
제발 날 떠나지마
내 사랑이 너의 오는 길을
비춰줄거야 oh baby
희미해진 너를 보면서
나의 그리움들은 커져가고
하지만 난 괜찮아
내 사랑이 떠나는 널
다시 내게
돌려줄걸 난 알아 난 알아
날 떠나지마
가는 널 볼수가 없어
넌 떠나지만
난 뒷모습만 보며 서있어
다시 한번 말하지만
제발 날 떠나지마
내 사랑이 너의 오는 길을
비춰줄거야
날 떠나지마 가는 널
볼수가 없어
넌 떠나지만
난 뒷모습만 보며 서있어
다시 한번 말하지만
제발 날 떠나지마
내 사랑이 너의 오는 길을
비춰줄거야 oh baby"
1995,27,62922,아담과 이브는 사과를 깨물었다,조규찬,"널 만나는 동안
난 3번이나 널 배신했어
오직 너만 생각할거라
넌 믿겠지만 이게 현실이야
아무것도 모르고 있는
널 바라보며 난 웃고 있어
이젠 좀더 솔직하겠어
날 믿고 있는 그 맘을 위해
지금부터 내가 들려주는 얘길
화내지 말고 잘 들어봐
언제부터 이렇게 내 머릿속에
두 생각이 자라나게 됐는지
널 만나는 동안
난 3번이나 널 배신했어
오직 너만 생각할거라
넌 믿겠지만 이게 현실이야
어젯밤에 두 시간 통화중일 때
수화길 잘못 놓은 게 아냐
친구가 봤었다던 월요일 거리
내 곁에 선 그녀와 얘기중이었어
널 만나는 동안
난 3번이나 널 배신했어
오직 너만 생각할거라
넌 믿겠지만 이게 현실이야
아무래도 그녈 봤다면 반했을걸
솔직히 그 순간에는
까맣게 널 잊었었어
믿을 수 없는 일이겠지만
아무것도 모르고 있는
널 바라보며 난 웃고 있어
이젠 좀더 솔직하겠어
날 믿고 있는 그 맘을 위해
널 만나는 동안
난 3번이나 널 배신했어
오직 너만 생각할거라
넌 믿겠지만 이게 현실이야
아무것도 모르고 있는
널 바라보며 난 웃고 있어
이젠 좀더 솔직하겠어
날 믿고 있는 그 맘을 위해"
1995,28,60807,이유같지 않은 이유,박미경,"아무것도 필요없어 니가 나를 떠나려한다면
나를 사랑했단 말도 모두 연극처럼 느낄뿐야
마음이 변했다면 이유를 대지마~~예
내가 싫어진걸 난 알고있어
가식적인 말로 나를 위로하려고 하지마
이젠 기대하지않아
너의곁엔 다른 얼굴 다른모습 뿐야
다시는 나도 돌아가지 않아 너를위해 더이상 난
슬퍼지긴 싫어
무슨말을 하는거야 나는 너를 이해할수 없어
이유같지 않은 이유로 나를 설득하려고하지마
이젠 내맘속엔 너의 자린 없어...~~예
모두 버린거야 지금까지
내게 남겨진 슬픈 사랑의 모든 기억들
이젠 기대하지않아 너의곁엔 다른얼굴 다른모습뿐야
다시는 나도 돌아가지 않아 너를 위해 더이상 난
슬퍼지긴 싫어
이젠 기대하지않아
너의곁엔 다른얼굴 다른 모습뿐야
다시는 나도 돌아가지않아
너를 위해 더이상 난 슬퍼지긴싫어
이젠 기대하지않아
너의곁엔 다른얼굴 다른 모습뿐야
다시는 나도 돌아가지않아
너를 위해 더이상 난 슬퍼지긴싫어
빠밤~~~~"
1995,29,58937,그 후로 오랫동안,신승훈,"우연인지 몰라도 네가 눈물 흘릴 때마다
하늘에선 비가 내렸어
익숙해져버린 난 그냥 너의 슬픈 눈을 보면서
차가운 한마디 울지마
하지만 이제 나도 그때처럼 비가 내리면
눈물을 흘리고 있어
내게 너무나도 소중한 네가 내 곁에 없다는 이유로 난
비와 함께 울고 있었던 거야
그 후로 오랫동안 비가 왔어
내리는 비만큼 나도 울었어
하지만 더 견딜 수가 없는 건
어디선가 너도 나처럼 울고 있다는 생각에
하늘이여 나를 도와줘 그렇게 울고 있지 말고
내 님이 있는 곳 너는 쉽게 알 수 있잖아
내가 살아있는 동안에 한번만이라도 그대를
우연일지라도 너를 믿을게 너의 눈물 맞으며
그 후로 오랫동안 비가 왔어
내리는 비만큼 나도 울었어
하지만 더 견딜 수가 없는 건
어디선가 너도 나처럼 울고 있다는 생각에
하늘이여 나를 도와줘 그렇게 울고 있지 말고
내 님이 있는 곳 너는 쉽게 알 수 있잖아
내가 살아있는 동안에 한번만이라도 그대를
우연일지라도 너를 믿을게 너의 눈물 맞으며"
1995,30,71914,기억에 남는건 너의 젖은 눈동자,박정운,"기억에 남는건
너의 젖은 눈동자
너에게 물었지 외로우냐고
비오는 날이면
그렇게도 좋다며
티없이 웃었던
너의 얼굴 생각나
오늘도 이렇게 비는
쏟아지는데
넌 무슨 생각 잠겨 있을까
이 세상 모든 것이
비에 젖어 가듯이
너의 눈망울도 젖어 가겠지
그냥 스치듯이
지나버린 작은 만남속에
그 포근함 나 잊을 수 없어
언제나 빗소리가
들려오면 떠오르는 너의얼굴
아쉬운 기억으로 남겨두겠어
비오는 날이면
그렇게도 좋다며
티없이 웃었던
너의 얼굴 생각나
오늘도 이렇게 비는
쏟아지는데
넌 무슨 생각 잠겨 있을까
이 세상 모든 것이
비에 젖어 가듯이
너의 눈망울도 젖어가겠지
그냥 스치듯이
지나버린 작은 만남속에
그 포근함 나 잊을 수 없어
언제나 빗소리가
들려오면 떠오르는 너의얼굴
아쉬운 기억으로 남겨둘거야"
1995,31,64242,청혼가,박진영,"그대가 나와 결혼을 해준다면
니가 나의 부인이 돼줬으면 해
나의 아이의 엄마가 돼줬으면 해
작은 집에서 둘이서 아침에
함께 눈뜨며
아침 햇살에 입을 맞추며
그대가 나와 결혼을 해준다면
나는 그대의 노예가 되어도 좋아
그대가 나의 사랑을 받아준다면
그대와 나는 영원히 함께 할거야
내가 너의 아침을 해줬으면 해
하루의 시작을 늘 그렇게
했으면 해
기쁠 때 함께 웃으며 힘들 때
함께 나누며
잠들기 전에 입을 맞추며
그대가 나와 결혼을 해준다면
나는 그대의 노예가 되어도 좋아
그대가 나의 사랑을 받아준다면
그대와 나는 영원히 함께 할거야
그대가 나와 결혼을 해준다면
나는 그대의 노예가 되어도 좋아
그대가 나의 사랑을 받아준다면
그대와 나는 영원히 함께 할거야"
1995,32,66411,내가 날 버린 이유,베이시스,"그때 내가 한말 기억하니
울면서 애원했었지
돌아갈곳없는 난 어떡해
제발 이러지마 부탁이야
너 떠난 후 난 멍하니
벽만보며 울다 웃곤했어
그런데 넌 사랑을 말하는거니
싫어 이젠 싫어
너의 사랑을 받은 이유로
나는 나를 버려야했어
내 모든것을 다 가진 네가
남은게 없는 날 버렸기에
널 떠난 후 난 멍하니
벽만보며 울다 웃곤했어
그런데 넌 사랑을 말하는거니
싫어 이젠 싫어
너의 사랑을 받은 이유로
나는 나를 버려야했어
내 모든것을 다가진 네가
남은게 없는 날 버렸기에"
1995,33,66447,유년시절의 기행,아낌없이 주는 나무,"어제는 하늘을 나는
아름다운 꿈을 꾸었지
오랜만의 유년 시절의 나를
발견했지
저물 무렵 빈 운동장에
커다란 나무 아래서
운동화에 채이는 비를 보며
그 애와 웃곤 했지
내가 떠나려는 것인지
주위가 변해버린 것인지
횡한 나의 두 눈은
기억 속의 너를 찾네
손 때묻은 가방과
어색한 표정의 사진들은
무뎌진 나의 가슴에 숨은
기억을 깨우네
정든 학교를 떠나고
까만 교복을 입던 날
혼돈스런 날을 보내며 조금
커가는 걸 느꼈지
내가 떠나려는 것인지
주위가 변해버린 것인지
횡한 나의 두 눈은
기억 속의 너를 찾네
손 때묻은 가방과
어색한 표정의 사진들은
무뎌진 나의 가슴에 숨은
기억을 깨우네
손 때묻은 가방과
어색한 표정의 사진들은
무뎌진 나의 가슴에 숨은
기억을 깨우네"
1995,34,1675397,굴레를 벗어나 (Mo Funk Ver.),듀스,"오래 오래 그래
기다려 왔어 나도 널
나를 기다려 주던 너에게
이제야 왔어
너를 외면하면서 나
지워버릴 수가 없었던 건
내게 보여준 너의 그 사랑
오직 오직 그래
사랑을 위해 살겠어
나를 가로막는 그 모든걸
이제는 넘어서
너만을 언제나 너만을 언제나
내 가슴 안에서
나를 향하여 네가 보여 줬던
그 많은 사랑과 너의 정성을
매일 같은 표정 때론 거짓 속에
나는 그저 받았었지
내 앞을 가로막고 서있던
그 모든 위선들
오 나의 감춰졌던 위선
나에게 씌워진 굴레를
모두다 벗어버리고
이렇게 나에게 펼쳐진
나의 많은 날들을
이제는 그대와 함께 하리
나에게 자유보다 더욱
소중한걸 이제야
가르쳐 준 너를
난 사랑해 너를
그 모든 것을 이해하며 따라 준
그녀에게
난 나만의 그 모든
나만의 생각을 말해 줄뿐이었지만
너는 나를 한번도 탓하지 않았어
너의 깊은 마음을 나 알았어
언제나 그 눈물 언제나 그아픔
언제나 너의 깊은 슬픔
나도 이제 같이 하겠어
나도 너 만큼 사랑을 하겠어
그 동안처럼 함께 하겠니
나 여기 서 있을께
진정 너만을 위해
내 앞을 가로막고 서있던
그 모든 위선들
오 나의 감춰졌던 위선
나에게 씌워진 굴레를
모두다 벗어버리고
이렇게 나에게 펼쳐진
나의 많은 날들을
이제는 그대와 함께 하리
나에게 자유보다 더욱
소중한걸 이제야 가르쳐 준 너를
난 사랑해
이렇게 나에게 펼쳐진
나의 많은 날들을
이제는 그대와 함께 하리
나에게 자유보다 더욱
소중한걸 이제야 가르쳐 준 너를
난 사랑해
이렇게 나에게 펼쳐진
나의 많은 날들을
이제는 그대와 함께 하리
나에게 자유보다 더욱
소중한걸 이제야 가르쳐 준 너를
난 사랑해
너를"
1995,35,104941,끝난 건가요,김현철,"한참 그대는
내게서 멀리 있군요 이제
우리는 끝난 건가요
더이상 없나요 우리둘은
맨 처음 사랑을 말한 걸
기억하나요 이제
우리는 이게 단가요
여기서 멎나요 우리둘은
힘들게 지내온 시간들이
난 아직도 시작인 것 같은데
아무도 이해할 순 없나요
그대여 내게 대답해줘요
정말 끝난 건가요 우리
우린 늘 같은 데 있어
지루했나요 이젠
우리는 그만인가요
여기서 됐나요 우리둘은
힘들게 지내온 시간들이
난 아직도 시작인 것 같은데
이런 나를
아무도 이해할 순 없나요
그대여 내게 대답해줘요
정말 끝난 건가요 우리
힘들게 지내온 시간들이
난 아직도 시작인 것 같은데
아무도 이해할 순 없겠죠
그대여 내게 대답해줘요
끝난 건가요 워 끝난 건가요 우린"
1995,36,61776,산다는 건 다 그런게 아니겠니,여행스케치,"너는 어떻게 살고 있니
아기 엄마가 되었다면서
밤하늘의 별빛을 닮은 너의 눈빛
수줍던 소녀로 널 기억하는데
오늘 부부싸움도 해 보니
남편은 벌이가 괜찮니
자나 깨나 독신만 고집하던 니가
나보다 먼저 시집갔을 줄이야
산다는 건 그런 게 아니겠니
원하는 대로만 살 수는 없지만
살 수 없는 내일이 있다는 건 설레는 일이야
두렵기는 해도
산다는 건 다 그런 거야
누구도 알 수 없는 것
지금도 떡볶일 좋아하니
요즘도 가끔씩 생각하니
자율학습 시간에 둘이 몰래 나와
사 먹다 선생님께 야단맞던 일
아직도 마음은 그대로인데
겉모습이 많이 변했지
하지만 잃어버린 우리의 모습은
우리를 닮은 아이들의 몫인걸
산다는 건 그런 게 아니겠니
원하는 대로만 살 수는 없지만
살 수 없는 내일이 있다는 건 설레는 일이야
두렵기는 해도
산다는 건 다 그런 거야
누구도 알 수 없는 것
산다는 건 그런 게 아니겠니
원하는 대로만 살 수는 없지만
살 수 없는 내일이 있다는 건 설레는 일이야
두렵기는 해도
산다는 건 다 그런 거야
누구도 알 수 없는 것"
1995,37,91124,어떤 그리움,이은미,"그대를 바라보면
포근함을 느꼈지
아직도 나에겐
남아 있는 그대의 모습
나의 마음 고요하게 해
지나간 기억 속에
그대 모습 생각나
견딜 수가 없는
혼자만의 외로움들이
나의 마음 허무하게 해
언젠가 그대는
눈물을 흘리며
내게 말했었지
사랑은 슬픈 이별보다
아픈 거라고
하지만 내 님 떠나고
이젠 나 홀로 남아
그대의 앞길을 비추네
지나간 기억 속에
그대 모습 생각나
견딜수가 없는
혼자만의 외로움들이
나의 마음 허무하게 해
언젠가 그대는
눈물을 흘리며
내게 말했었지
사랑은 슬픈 이별보다
아픈 거라고
하지만 내 님 떠나고
이젠 나 홀로 남아
그대의 앞길을 비추네
언젠가 그대는
눈물을 흘리며 내게 말했었지
사랑이 슬픈 이별보다
아픈거라고
하지만 내 님 떠나고
이젠 나 홀로 남아
그대의 앞길을 비추네"
1995,38,66475,뭐야 이건,지니,"뭐야 이건
거리위에 지쳐버린 사람들의 한숨 속에
잃어버린 나를 보았지
그냥 열심히 어린시절 반짝이던 눈망울로
그렇게 항상 꿈꾸며 그리던
그런 나의 모습이 아냐
언제까지나 어린날의 나의 꿈을 찾아가는 거야
또다른 나의 세상을 위해서
이제 내게 그무엇도 힘들꺼라 생각지 않아
혼자만의 싸움 뿐인걸
어렵고 힘들어도 부딪혀 이겨내는 거야
고통이 항상 나쁘지는 않아
오히려 내겐 힘이되는 거야
언제까지나 꿈꿔오던 내모습을 찾아가는 거야
또 다른 나의 세상을 위해
언제까지나 어린날의 나의 꿈을 찾아가는 거야
또 다른 나의 세상을 위해서
어렵고 힘들어도 부딪혀 이겨내는 거야
고통이 항상 나쁘지는 않아
오히려 내겐 힘이되는 거야
언제까지나 꿈꿔오던 내모습을 찾아가는 거야
또다른 나의 세상을 위해
언제까지나 어린날의 나의 꿈을 찾아가는 거야
또다른 나의 세상을 위해서 랄랄라라랄~"
1995,39,991976,세상은 나에게,김원준,"내가 웃는 등 뒤엔
고독이 따르겠지만
그건날 오히려 더 강하게 하지
기다리는 이에겐
저절로 돌아오는건 없을껄
일어나 먼져 부딪쳐 보는거야
수많은 질문과
함께 자란 내 꿈에
조그만 날개를
이제는 달아 줄때야
그렇지만 떨어질 꿈이 두려워
세상에 나설 그 준비가 필요해
한때는 내가 만든 어두움 속에
스스로 빠져 울기도 했지만
더이상 나 자신에게
지지만은 않을꺼야
지금부터난 다른 내가 되어야해
내가 웃는 등 뒤엔
고독이 따르겠지만
그건날 오히려 더 강하게 하지
기다리는 이에겐
저절로 돌아오는건 없을껄
일어나 먼져 부디쳐 보는거야
한때는 내가 만든 어두움 속에
스스로 빠져 울기도 했지만
더이상 나 자신에게
지지만은 않을꺼야
지금부터난 다른 내가 되어야해
내가 웃는 등 뒤엔
고독이 따르겠지만
그건날 오히려 더 강하게 하지
기다리는 이에겐
저절로 돌아오는건 없을껄
일어나 먼져 부딪쳐 보는거야
하지만 난 아직 해답과는 또다른
현실에 많이 당황할 나인걸
더구나 세상은 나에게
바로 걸으란 충고뿐
누구도 가르쳐줄 사람은 없어
내가 웃는 등뒤엔
고독이 따르겠지만
그건날 오히려 더 강하게 하지
기다리는 이에겐
저절로 돌아오는건 없을껄
일어나 먼져 부디쳐보는 거야"
1995,40,66507,바람 난 여자,투투,없음
1995,41,3793378,가질수 없는 너,뱅크,"술에 취한 니 목소리
문득 생각났다던 그 말
슬픈 예감 가누면서
네게로 달려갔던 날 그 밤
희미한 두 눈으로 날 반기며 넌 말했지
헤어진 그를 위해선
남아있는 네 삶도 버릴 수 있다고
며칠 사이 야윈 널 달래고
집으로 돌아오면서
마지막까지도 하지 못한 말
혼자서 되뇌었었지
사랑한다는 마음으로도
가질 수 없는 사람이 있어
나를 봐 이렇게 곁에 있어도
널 갖지 못하잖아
눈물 섞인 니 목소리 내가
필요하다던 그 말
그것으로 족한 거지 나 하나
힘이 된다면 네게
붉어진 두 눈으로 나를 보며 넌 물었지
사랑의 다른 이름은
아픔이라는 것을 알고 있느냐고
며칠 사이 야윈 널 달래고
집으로 돌아오면서
마지막까지도 하지 못한 말
혼자서 되뇌었었지
사랑한다는 마음으로도
가질 수 없는 사람이 있어
나를 봐 이렇게 곁에 있어도
널 갖지 못하잖아"
1995,42,66397,왕자와 병사들,모자이크,"빠빠 빠 빠빠빠 빠빠 빠 빠빠 빠
니가 원하는 것들 모두
다 해줄순 없어
그래도 나에겐
세상 그 누구보다 귀한
내 친구들 있어
내가 늘 얘기하던
장난 칠때면
좀 짖궂기는 하지만
나보다도
날 잘 아는 친구
난 백마타고 온
왕자는 아니지만
이렇게 좋은
친구들 있잖아
여기 나의 친구들
모두 너를 좋아해
내 여자 친구라는
사실 하나만으로
우리 두 사람
사랑 영원하도록
내 친구들이 항상
우릴 축복할거야
내가 바라는 것들 모두
다 채울순 없어
너의 그 사랑만으로
때로는 너도 알 수 없는
남자들만의 세계가
필요한거야
장난 칠때면
좀 짓궂기는 하지만
나보다도
날 잘 아는 친구
난 백마타고 온
왕자는 아니지만
이렇게 좋은
친구들 있잖아
여기 나의 친구들
모두 너를 좋아해
내 여자 친구라는
사실 하나만으로
우리 두 사람 사랑
영원하도록
내 친구들이 항상
우릴 축복할거야
빠 빠빠 빠 빠빠 빠빠빠빠빠빠
여기 나의 친구들
모두 너를 좋아해
내 여자 친구라는
사실 하나만으로
우리 두 사람 사랑
영원하도록
내 친구들이 항상
우릴 축복할거야
여기 모인 친구들
모두 너를 사랑해
이젠 너도 우리들의
공주님이 된거야
오늘 우리 앞에서
너흰 약속한거야
언제까지나 서로를
사랑한다고
나나 나 나나나
나나 나 나나나
나나 나 나나나
나나 나 나나나
나나 나 나나나
나나 나 나나나
나나 나 나나나
나나 나 나나나"
1995,43,1839375,수퍼맨의 비애 (Feat. Proud Marry),DJ DOC,"슈퍼맨 슈퍼맨 슈퍼맨 헤이 홉
어젯밤 우리 아빠 엄마
부부 싸움에 잠을 잘수가 없네
요리조리 따지시는
우리엄마 아빠에게
뭐라고 쉴새없이
따다다 다다다다 요
변명도 제대로 못한 우리아빠
무슨 잘못하신게
아닐까 걱정이네
무서운 우리엄마
뭐가 불만이실까
엄마가 필요한건 혹시 슈퍼맨
선물을 준 숫자만큼 날 사랑할까
아닐꺼야 난 너에게
지쳐 가고있어
슈퍼맨 슈퍼맨 슈퍼맨
처음 만나 운전면허 없다고
넌 나를 무지하게
구박했지 헤이 홉
노래방에 같이가서 음치라고
비웃던 니가 나는 무지하게 미웠어
넌 나에게 바라는게 왜 그리 많아
무엇을 더 해야하지 지쳐가고있어
슈퍼맨 슈퍼맨 슈퍼맨 헤이 홉
선물을 준 숫자만큼 날 사랑할까
아닐꺼야 난 너에게
지쳐 가고있어
넌 나에게 바라는게
왜 그리 많아
무엇을 더 해야하지
지쳐가고있어"
1995,44,170430,의미없는 시간,최민수 (Flyger),"난 항상 끝으로 걸어왔지
아픈 기억의 사람들이
나를 만들었어
난 삶의 모든걸 잃었었지
다른 무엇도 내 마음을
위로할 순 없었어
오 난 내 남겨진 시간들을
흘러가는 대로
개의치 않고 싶어서
매일 힘겹게 다가선 하루
이미 죽어있는 가슴에
의민 필요없어
그렇게 살아가다가
마지막 순간에 난
잊었던 너를 찾아
떠나려 했어
늦진 않겠지
랄라라 라라 랄라라
랄라라 라라 랄라라
너의 모든것은
나의 전부가 된거야
랄라라 라라 랄라라
랄라라 라라 랄라라
너를 느끼는
바로 지금 살아있는
나를 느끼지
오 긴 이 시간이 지나간 뒤
다시 처음으로
되돌아 갈 수 있다면
쉽게 마음을 열지는 않아
내게 다가서는 만큼만
나를 보일거야
그렇게 살아가다가
마지막 순간에 난
잊었던 너를 찾아 떠나려 했어
늦진 않겠지
랄라라 라라 랄라라
랄라라 라라 랄라라
너의 모든것은
나의 전부가 된거야
랄라라 라라 랄라라
랄라라 라라 랄라라
너를 느끼는
바로 지금 살아있는
나를 느끼지
너를 이처럼 간절히 원하고
또 바라게 될줄은 몰랐어
너의 모든 것은
나의 전부가 된거야
사랑이 얼마나 사람을
더욱 외롭게 하는지 알지만
너를 느끼는 바로 지금 살아있는
나를 느끼지"
1995,45,38931,흔들리지마,강수지,"예전엔 몰랐어 사랑이라는 건
지키는게 더 어렵다는 걸
작은 오해로도 너무나 쉽게
끝난다는 걸
우리는 얼마나 상처 받았는지
사람들의 책임없는 참견 속에
우린 서로를 의심도 했고
또 이별도
나 하지만 너 뿐이야
너의 그 눈빛을 믿을뿐야
눈처럼 부푼 세상 소문에도
우린 흔들리지마
너와 함께라면
난 항상 준비가 되있어
어려움 이긴 연인들처럼
축복의 날 위해
이제 나는 알아 사랑이라는 건
서로에게 힘이 된다는 걸
둘이 함께라면
먼길도 아주 가깝다는 걸
우리는 얼마나 상처 받았는지
사람들의 책임없는 참견 속에
우린 서로를 의심도 했고
또 이별도
나 하지만 너 뿐이야
너의 그 눈빛을 믿을뿐야
눈처럼 부푼 세상 소문에도
우린 흔들리지마
너와 함께라면
난 항상 준비가 되있어
어려움 이긴 연인들처럼
축복의 날 위해
너 뿐이야
너의 그 눈빛을 믿을뿐야
눈처럼 부푼 세상 소문에도
우린 흔들리지마
너와 함께라면
난 항상 준비가 되있어
어려움 이긴 연인들처럼
축복의 날 위해"
1995,46,61181,내일이 오면,양수경,"무엇을 원했는지 몰라
단 하나 내겐 사랑뿐
이미 이별인 줄은 알아
마음에 안겨 있는 지금
이대로 눈을 감고 싶어
슬픔을 접어둔 채로
이별을 생각하진 않아
모든게 꿈이라 해도
사랑해야 하는 것인지
그래서는 안되는 건지
그대 떠난 자리에 혼자서서
그리워 해야하는지
내일이 오면 이별이겠지
다시는 사랑할 수 없겠지
하지만 웃으면서 멀리 떠나야지
눈물은 감출수 없어도
이대로 눈을 감고 싶어
슬픔을 접어둔 채로
이별을 생각하진 않아
모든게 꿈이라 해도
사랑해야 하는 것인지
그래서는 안되는 건지
그대 떠난 자리에 혼자서서
그리워 해야하는지
내일이 오면 이별이겠지
다시는 사랑할 수 없겠지
하지만 웃으면서 멀리 떠나야지
눈물은 감출수 없어도
내일이 오면 이별이겠지
다시는 사랑할 수 없겠지
하지만 웃으면서 멀리 떠나야지
눈물은 감출 수 없어도
눈물이 자꾸만 흘러도
눈물은 감출 수 없어도"
1995,47,1698066,영원한 사랑 (WITH LONDON METROPOLITAN ORCHESTRA),이문세,"너를 아직 생각해
구름 걷힌 저 하늘 가득히
푸르던 날 우리 지난 추억은
언제나 나를 기쁘게 하네
맺지 못한 슬픔은
나를 비웃지 운명이라고
그렇게도 사랑했던 기억은
언제나 나를 지켜주는데
내가 갈 수 없기에
그대 멀리서 나를 지켜봐 줘
이 세상 힘들 때면
그대의 한숨 어린 바람을
내가 느끼게 해
우린 다시 만나요
슬픈 약속을 모두 기억해
영원히 흘러간 사랑이여
자랑스럽게 너를 기억해
내가 갈 수 없기에
그대 멀리서 나를 지켜봐 줘
이 세상 힘들 때면
그대의 한숨 어린 바람을
내가 느끼게 해
우린 다시 만나요
슬픈 약속을 모두 기억해
영원히 흘러간 사랑이여
자랑스럽게 너를 기억해"
1995,48,32995509,하루,장필순,"도시의 희뿌연 아침 열리고
가로수 긴 팔 벌려 하품할 때
그대의 머리 위에
야속한 괘종시계
소리높여 노래 부르고
저만치 달아나는
시간의 꼬릴 잡으려
허둥대는 아침의 뒷모습
하늘엔 낯익은 구름의 행진
길게 누운 강물의 꿈틀거리는 몸짓
쏟아지는 햇살과
스쳐 가는 바람에
나의 몸은 한없이 나른해지고
물결치듯 숨 가쁜
자동차와 사람들
머리 위엔 한없이 높은 하늘
아쉬운 저녁해가 먼 산을 넘을 때
고개 숙인 가로등
하나둘씩 눈 비비고
좁은 가슴 가득히
밀려오는 외로움
이렇게 하루가 저무네"
1995,49,62151,오렌지 향기속으로,피아노,"워 우 워 워 우 워 워 우 워
워 우 워 너의 모습 발견하고
아무렇지 않게
난 웃어주고 있어
워 우 워 누군가
널 본다고 크게 웃어
주위를 끌어도 소용없잖아
빨간 웨이브 머리에
긴 치마를 살며시
그윽한 미소지어 보여도
어느 누구도 너에게
관심을 보이지 않을꺼야
그래도 하루종일 웃고 있니
유리잔에 비춰지는
진한 손톱 위로
흐르는 눈빛은 무얼 말하나
내앞에 머무는
오렌지 향기 속으로
현실의 너를 돌아다봐
따르르스띠로루
스띠로루 예이예이예이예
사소한 슬픔과 기쁨을
눈물방울에 감추고
누구보다 오래 간직한다해도
그 언젠가 너에게
영원히 사랑한다 말하면
그 사랑을 넌 느낄 수 있니
유리잔에 비춰지는
진한 손톱 위로
흐르는 눈빛은 무얼 말하나
내앞에 머무는
오렌지 향기 속으로
현실의 너를 돌아다봐
따르르스띠로루
스띠로루 예이예이예이예
워우워 워우워
워우워 워우워
아쉬움만 남아"
1995,50,1719746,내가 만일,안치환,"내가 만일 하늘이라면
그대 얼굴에 물들고 싶어
붉게 물든 저녁 저 노을처럼
나 그대 뺨에 물들고 싶어
내가 만일 시인이라면
그댈 위해 노래하겠어
엄마 품에 안긴 어린아이처럼
나 행복하게 노래하고 싶어
세상에 그 무엇이라도
그대위해 되고 싶어
오늘처럼 우리 함께 있음이
내겐 얼마나 큰 기쁨인지
사랑하는 나의 사람아
너는 아니 워 이런 나의 마음을
내가 만일 구름이라면
그대위해 비가 되겠어
더운 여름날의 소나기처럼
나 시원하게 내리고 싶어
세상에 그 무엇이라도
그대위해 되고싶어
오늘처럼 우리 함께 있음이
내겐 얼마나 큰 기쁨인지 워
세상에 그 무엇이라도
그대위해 되고싶어
오늘처럼 우리 함께 있음이
내겐 얼마나 큰 기쁨인지
사랑하는 나의 사람아 너는 아니
워 이런 나의 마음을
이런 나의 마음을"
